"Freq [GHz]","dB(S(port2:1,port1:1)) []"
2,-54.3027949165265
2.01,-53.9864819834704
2.02,-53.6690733352492
2.03,-53.3505295438
2.04,-53.0308103911975
2.05,-52.7098748229886
2.06,-52.3876808992181
2.07,-52.0641857429641
2.08,-51.7393454862037
2.09,-51.4131152127848
2.1,-51.0854488982921
2.11,-50.7562993465557
2.12,-50.4256181225354
2.13,-50.0933554813031
2.14,-49.7594602927918
2.15,-49.423879961987
2.16,-49.0865603441739
2.17,-48.7474456548367
2.18,-48.4064783737649
2.19,-48.0635991428701
2.2,-47.7187466571843
2.21,-47.3718575484417
2.22,-47.0228662605978
2.23,-46.6717049165653
2.24,-46.3183031753824
2.25,-45.9625880789319
2.26,-45.604483887249
2.27,-45.2439119013409
2.28,-44.880790272331
2.29,-44.5150337955971
2.3,-44.1465536884312
2.31,-43.7752573495717
2.32,-43.4010480987614
2.33,-43.0238248942736
2.34,-42.6434820260808
2.35,-42.2599087820693
2.36,-41.8729890843546
2.37,-41.4826010923903
2.38,-41.0886167691127
2.39,-40.690901405872
2.4,-40.2893131013084
2.41,-39.8837021886688
2.42,-39.4739106052641
2.43,-39.0597711968629
2.44,-38.641106948744
2.45,-38.2177301338775
2.46,-37.7894413672332
2.47,-37.356028553469
2.48,-36.9172657131958
2.49,-36.4729116705619
2.5,-36.0227085819748
2.51,-35.5663802822758
2.52,-35.1036304204678
2.53,-34.6341403520043
2.54,-34.1575667484716
2.55,-33.6735388779623
2.56,-33.1816555002155
2.57,-32.6814813092335
2.58,-32.1725428420231
2.59,-31.6543237546006
2.6,-31.1262593444665
2.61,-30.5877301711243
2.62,-30.0380545911582
2.63,-29.4764799796103
2.64,-28.9021723517814
2.65,-28.3142040248804
2.66,-27.711538861303
2.67,-27.0930145065878
2.68,-26.4573208638428
2.69,-25.8029738164452
2.7,-25.1282828988274
2.71,-24.4313111875226
2.72,-23.7098250920553
2.73,-22.9612308948584
2.74,-22.1824937124839
2.75,-21.3700328636188
2.76,-20.5195851868561
2.77,-19.626024284155
2.78,-18.6831184341865
2.79,-17.6832022782636
2.8,-16.6167264723865
2.81,-15.4716349705387
2.82,-14.232504200494
2.83,-12.8793777368522
2.84,-11.3863092892981
2.85,-9.72004155873012
2.86,-7.84101102657248
2.87,-5.71605675214865
2.88,-3.38007367772868
2.89,-1.15887487468316
2.9,-0.0153510942012743
2.91,-0.692793204527959
2.92,-2.3729984352327
2.93,-4.13082930692375
2.94,-5.67024983135513
2.95,-6.96457146769689
2.96,-8.04821196544858
2.97,-8.96040414232783
2.98,-9.73383439456551
2.99,-10.3939317541249
3,-10.9602303061375
3.01,-11.447812694863
3.02,-11.8684549022288
3.03,-12.2314698205154
3.04,-12.5443171696207
3.05,-12.8130446763402
3.06,-13.0426098516117
3.07,-13.2371173769402
3.08,-13.3999964291615
3.09,-13.5341348078299
3.1,-13.6419816220348
3.11,-13.7256268108606
3.12,-13.7868633858817
3.13,-13.8272366355191
3.14,-13.8480833800239
3.15,-13.8505635531266
3.16,-13.8356858060295
3.17,-13.8043284103467
3.18,-13.75725643071
3.19,-13.6951359122038
3.2,-13.6185456598466
3.21,-13.5279870611802
3.22,-13.423892307491
3.23,-13.3066312963407
3.24,-13.1765174422505
3.25,-13.0338125794579
3.26,-12.8787311076932
3.27,-12.7114435067763
3.28,-12.532079326982
3.29,-12.3407297485326
3.3,-12.1374497945689
3.31,-11.9222602771795
3.32,-11.6951495554825
3.33,-11.4560751885856
3.34,-11.2049655750507
3.35,-10.9417216851867
3.36,-10.6662190144375
3.37,-10.3783099172524
3.38,-10.0778265237425
3.39,-9.76458449966641
3.4,-9.4383879885295
3.41,-9.09903617890584
3.42,-8.74633207829443
3.43,-8.38009425661493
3.44,-8.00017255942485
3.45,-7.60646909601603
3.46,-7.19896619317734
3.47,-6.77776347950596
3.48,-6.34312682271568
3.49,-5.89555244957127
3.5,-5.43585014358043
3.51,-4.96524974248047
3.52,-4.48553486815424
3.53,-3.99920625323469
3.54,-3.50967311970617
3.55,-3.0214633053818
3.56,-2.54042946854055
3.57,-2.07390854236012
3.58,-1.63076595449779
3.59,-1.22123195837847
3.6,-0.856430682522218
3.61,-0.547537171592886
3.62,-0.304593858430919
3.63,-0.135166609269245
3.64,-0.0431612579367452
3.65,-0.0281578375381657
3.66,-0.0854888593410642
3.67,-0.20703418978382
3.68,-0.382466759954513
3.69,-0.600586558903736
3.7,-0.850445105004033
3.71,-1.12211225956342
3.72,-1.40707845292851
3.73,-1.69836854637137
3.74,-1.99046786109241
3.75,-2.27914891125015
3.76,-2.56126194959313
3.77,-2.83452756004768
3.78,-3.09735075385461
3.79,-3.34866392072167
3.8,-3.58779914122592
3.81,-3.81438703609449
3.82,-4.02827808808105
3.83,-4.22948224940319
3.84,-4.41812304618252
3.85,-4.59440297719705
3.86,-4.75857760692689
3.87,-4.91093629574744
3.88,-5.05178796696013
3.89,-5.18145067974563
3.9,-5.30024406842295
3.91,-5.40848393440458
3.92,-5.50647845072369
3.93,-5.594525571254
3.94,-5.67291133710838
3.95,-5.74190884867286
3.96,-5.80177772916505
3.97,-5.8527639490054
3.98,-5.89509991309758
3.99,-5.92900473793713
4,-5.95468466427627
4.01,-5.97232281624669
4.02,-5.98210950718406
4.03,-5.98421530369351
4.04,-5.97880020452302
4.05,-5.96601431079206
4.06,-5.94599851157755
4.07,-5.91888518224887
4.08,-5.88479889537484
4.09,-5.84385714602964
4.1,-5.79617109502554
4.11,-5.74184633509752
4.12,-5.68098368643316
4.13,-5.61368002924188
4.14,-5.54002918233737
4.15,-5.46012283800154
4.16,-5.37405156473618
4.17,-5.28190589090621
4.18,-5.18377748374625
4.19,-5.07976043973646
4.2,-4.96995270394066
4.21,-4.85445763750567
4.22,-4.73338575409444
4.23,-4.6068566474812
4.24,-4.47500113376078
4.25,-4.33796363244559
4.26,-4.1959048109231
4.27,-4.04900451601842
4.28,-3.8974650143652
4.29,-3.74151455942925
4.3,-3.58141129672827
4.31,-3.41744750928295
4.32,-3.2499541917052
4.33,-3.07930592253903
4.34,-2.90592597937482
4.35,-2.73029160870329
4.36,-2.55293932142049
4.37,-2.37447003463568
4.38,-2.19555382091018
4.39,-2.01693395828456
4.4,-1.83942990105817
4.41,-1.66393871711705
4.42,-1.49143447033514
4.43,-1.3229649771401
4.44,-1.15964534898225
4.45,-1.00264776405812
4.46,-0.853187010015742
4.47,-0.712501520190901
4.48,-0.581829898405429
4.49,-0.46238328900335
4.5,-0.355314380330777
4.51,-0.261684292005886
4.52,-0.182429030444909
4.53,-0.11832753140137
4.54,-0.0699734698869431
4.55,-0.0377529493111645
4.56,-0.0218298577384899
4.57,-0.022140118583005
4.58,-0.0383953306016118
4.59,-0.0700954882887
4.6,-0.116549714675139
4.61,-0.17690333038639
4.62,-0.250169200106031
4.63,-0.335261170107931
4.64,-0.431027522530564
4.65,-0.536282672225364
4.66,-0.649835749498636
4.67,-0.770515173543798
4.68,-0.89718876433398
4.69,-1.02877932117461
4.7,-1.16427589022512
4.71,-1.30274114508385
4.72,-1.44331542095338
4.73,-1.58521798856479
4.74,-1.72774614657011
4.75,-1.87027266780416
4.76,-2.01224207062923
4.77,-2.15316611323677
4.78,-2.29261883469538
4.79,-2.43023139716416
4.8,-2.56568692211933
4.81,-2.69871546101525
4.82,-2.82908919766439
4.83,-2.95661794519332
4.84,-3.08114497372504
4.85,-3.20254318481062
4.86,-3.32071163393078
4.87,-3.43557239203934
4.88,-3.54706773018371
4.89,-3.65515760690926
4.9,-3.75981743578036
4.91,-3.86103610939794
4.92,-3.95881425634974
4.93,-4.05316270827172
4.94,-4.14410115538673
4.95,-4.2316569703386
4.96,-4.31586418172546
4.97,-4.396762580363
4.98,-4.47439694291177
4.99,-4.54881635904093
5,-4.62007364974779
5.01,-4.68822446423512
5.02,-4.75332844031746
5.03,-4.815446767527
5.04,-4.87464278748615
5.05,-4.9309817152216
5.06,-4.98453040397291
5.07,-5.03535714771188
5.08,-5.0835315163069
5.09,-5.12912421889583
5.1,-5.17220699158091
5.11,-5.21285250604035
5.12,-5.25113429607072
5.13,-5.28712669944003
5.14,-5.32090481275022
5.15,-5.35254445728563
5.16,-5.38212215406634
5.17,-5.40971510653629
5.18,-5.43540118950097
5.19,-5.45925894309085
5.2,-5.48136757066862
5.21,-5.50180693972296
5.22,-5.52065758490231
5.23,-5.53800071243948
5.24,-5.55391820530559
5.25,-5.56849262850939
5.26,-5.58180723402633
5.27,-5.59394596490163
5.28,-5.60499345811839
5.29,-5.61503504585356
5.3,-5.62415675474603
5.31,-5.63244530275238
5.32,-5.63998809301106
5.33,-5.64687320376392
5.34,-5.65318937252211
5.35,-5.65902597063426
5.36,-5.66447295936545
5.37,-5.66962080493811
5.38,-5.67456028865313
5.39,-5.67938200324003
5.4,-5.68417471022137
5.41,-5.68901842282278
5.42,-5.69395158438818
5.43,-5.69920173348932
5.44,-5.70505565072657
5.45,-5.71120482333887
5.46,-5.71787015320572
5.47,-5.72517327953064
5.48,-5.7332166576841
5.49,-5.74210009605191
5.5,-5.75192344877647
5.51,-5.76278729895264
5.52,-5.7747932591689
5.53,-5.78804420165356
5.54,-5.80264449942237
5.55,-5.81870030853814
5.56,-5.836319908824
5.57,-5.85561411777174
5.58,-5.87669679308975
5.59,-5.8996854414339
5.6,-5.92470195376904
5.61,-5.95187349127485
5.62,-5.98133354951063
5.63,-6.01322323223858
5.64,-6.04769276888213
5.65,-6.0849033088883
5.66,-6.12502901753689
5.67,-6.16825947063137
5.68,-6.21480227675498
5.69,-6.26488569115244
5.7,-6.31876059139217
5.71,-6.37670020965489
5.72,-6.43899344158946
5.73,-6.50592006117681
5.74,-6.57767110611202
5.75,-6.65407466886418
5.76,-6.7334003315684
5.77,-6.80320150112455
5.78,-7.55207397723232
5.79,-7.11498442641416
5.8,-7.22280446308609
5.81,-7.35921025539894
5.82,-7.5179106020219
5.83,-7.70155696385624
5.84,-7.91604834097568
5.85,-8.17060676686089
5.86,-8.47933307744345
5.87,-8.86444675145514
5.88,-9.36284636058308
5.89,-10.0404919251512
5.9,-11.0282398555914
5.91,-12.6303034362697
5.92,-15.7848740626019
5.93,-27.0357017790363
5.94,-15.0666761722709
5.95,-4.4167094541263
5.96,-0.14865920584025
5.97,-0.553264585055825
5.98,-1.65239909262705
5.99,-2.51725678848774
6,-3.14906463801476
